"id","camping","plaats","provincie","officiele_organisatie","officiele_profiel_url","campingkiezer_profiel","claim_url"
"ck0195","Ardoer camping 't Noorder Sandt","Julianadorp","Noord-Holland","Ardoer","https://www.ardoer.com/nl/noordersandt","https://camping-kiezer.nl/camping/ardoer-camping-t-noorder-sandt/","https://camping-kiezer.nl/claim-uw-camping/?profiel=ardoer-camping-t-noorder-sandt"
"ck0196","Ardoer Camping Westhove","Domburg","Zeeland","Ardoer","https://www.ardoer.com/nl/westhove","https://camping-kiezer.nl/camping/ardoer-camping-westhove/","https://camping-kiezer.nl/claim-uw-camping/?profiel=ardoer-camping-westhove"
"ck0047","Ardoer Vakantiepark 't Rheezerwold","Hardenberg","Overijssel","Ardoer","https://www.ardoer.com/nl/rheezerwold","https://camping-kiezer.nl/camping/ardoer-vakantiepark-t-rheezerwold/","https://camping-kiezer.nl/claim-uw-camping/?profiel=ardoer-vakantiepark-t-rheezerwold"
"ck0028","Camping 't Geuldal","Meerssen","Limburg","Ardoer","https://www.ardoer.com/nl/geuldal","https://camping-kiezer.nl/camping/camping-t-geuldal/","https://camping-kiezer.nl/claim-uw-camping/?profiel=camping-t-geuldal"
"ck0208","Camping & Beachresort Julianahoeve","Renesse","Zeeland","Ardoer","https://www.ardoer.com/nl/julianahoeve","https://camping-kiezer.nl/camping/camping-beachresort-julianahoeve/","https://camping-kiezer.nl/claim-uw-camping/?profiel=camping-beachresort-julianahoeve"
"ck0274","Camping De Holterberg","Holten","Overijssel","Ardoer","https://www.ardoer.com/nl/holterberg","https://camping-kiezer.nl/camping/camping-de-holterberg/","https://camping-kiezer.nl/claim-uw-camping/?profiel=camping-de-holterberg"
"ck1587","Camping de Meerpaal","Zoutelande","Zeeland","Ardoer","https://www.ardoer.com/nl/meerpaal","https://camping-kiezer.nl/camping/camping-de-meerpaal/","https://camping-kiezer.nl/claim-uw-camping/?profiel=camping-de-meerpaal"
"ck0288","Camping De Meulinge","Nieuwvliet","Zeeland","Ardoer","https://www.ardoer.com/nl/meulinge","https://camping-kiezer.nl/camping/camping-de-meulinge/","https://camping-kiezer.nl/claim-uw-camping/?profiel=camping-de-meulinge"
"ck0292","Camping de Noetselerberg","Nijverdal","Overijssel","Ardoer","https://www.ardoer.com/nl/noetselerberg","https://camping-kiezer.nl/camping/camping-de-noetselerberg/","https://camping-kiezer.nl/claim-uw-camping/?profiel=camping-de-noetselerberg"
"ck0327","Camping De Zandhegge","Emst","Gelderland","Ardoer","https://www.ardoer.com/nl/zandhegge","https://camping-kiezer.nl/camping/camping-de-zandhegge/","https://camping-kiezer.nl/claim-uw-camping/?profiel=camping-de-zandhegge"
"ck0338","Camping Duinoord Aan Zee","Westenschouwen/Burgh-Haamstede","Zeeland","Ardoer","https://www.ardoer.com/nl/duinoord","https://camping-kiezer.nl/camping/camping-duinoord-aan-zee/","https://camping-kiezer.nl/claim-uw-camping/?profiel=camping-duinoord-aan-zee"
"ck0345","Camping en Speelpark De Heldense Bossen","Helden","Limburg","Ardoer","https://www.ardoer.com/nl/heldensebossen","https://camping-kiezer.nl/camping/camping-en-speelpark-de-heldense-bossen/","https://camping-kiezer.nl/claim-uw-camping/?profiel=camping-en-speelpark-de-heldense-bossen"
"ck0349","Camping Ginsterveld","Burgh-Haamstede","Zeeland","Ardoer","https://www.ardoer.com/nl/ginsterveld","https://camping-kiezer.nl/camping/camping-ginsterveld/","https://camping-kiezer.nl/claim-uw-camping/?profiel=camping-ginsterveld"
"ck0007","Camping It Wiid","Eernewoude","Friesland","Ardoer","https://www.ardoer.com/nl/wiid","https://camping-kiezer.nl/camping/camping-it-wiid/","https://camping-kiezer.nl/claim-uw-camping/?profiel=camping-it-wiid"
"ck0407","Camping Sint Maartenszee","St. Maartenszee","Noord-Holland","Ardoer","https://www.ardoer.com/nl/sintmaartenszee","https://camping-kiezer.nl/camping/camping-sint-maartenszee/","https://camping-kiezer.nl/claim-uw-camping/?profiel=camping-sint-maartenszee"
"ck0696","Camping Tempelhof","Callantsoog","Noord-Holland","Ardoer","https://www.ardoer.com/nl/tempelhof","https://camping-kiezer.nl/camping/camping-tempelhof/","https://camping-kiezer.nl/claim-uw-camping/?profiel=camping-tempelhof"
"ck0417","Camping Torentjeshoek","Dwingeloo","Drenthe","Ardoer","https://www.ardoer.com/nl/torentjeshoek","https://camping-kiezer.nl/camping/camping-torentjeshoek/","https://camping-kiezer.nl/claim-uw-camping/?profiel=camping-torentjeshoek"
"ck0439","Camping Zonneweelde","Nieuwvliet-Bad","Zeeland","Ardoer","https://www.ardoer.com/nl/zonneweelde","https://camping-kiezer.nl/camping/camping-zonneweelde/","https://camping-kiezer.nl/claim-uw-camping/?profiel=camping-zonneweelde"
"ck0460","Cnossen Leekstermeer","Nietap","Drenthe","Ardoer","https://www.ardoer.com/nl/cnossenleekstermeer","https://camping-kiezer.nl/camping/cnossen-leekstermeer/","https://camping-kiezer.nl/claim-uw-camping/?profiel=cnossen-leekstermeer"
"ck2004","De Bosgraaf","Lieren","Gelderland","Ardoer","https://www.ardoer.com/nl/camping/bosgraaf","https://camping-kiezer.nl/camping/de-bosgraaf/","https://camping-kiezer.nl/claim-uw-camping/?profiel=de-bosgraaf"
"ck0465","De Haeghehorst","Ermelo","Gelderland","Ardoer","https://haeghehorst.ardoer.com/nl/aanbod","https://camping-kiezer.nl/camping/de-haeghehorst/","https://camping-kiezer.nl/claim-uw-camping/?profiel=de-haeghehorst"
"ck0471","De Kuilart","Koudum","Friesland","Ardoer","https://www.ardoer.com/nl/kuilart","https://camping-kiezer.nl/camping/de-kuilart/","https://camping-kiezer.nl/claim-uw-camping/?profiel=de-kuilart"
"ck2433","De Zwinhoeve","Retranchement","Zeeland","Ardoer","https://www.ardoer.com/nl/zwinhoeve","https://camping-kiezer.nl/camping/de-zwinhoeve/","https://camping-kiezer.nl/claim-uw-camping/?profiel=de-zwinhoeve"
"ck3341","Paardekreek","Kortgene","Zeeland","Ardoer","https://www.ardoer.com/nl/paardekreek","https://camping-kiezer.nl/camping/paardekreek/","https://camping-kiezer.nl/claim-uw-camping/?profiel=paardekreek"
"ck0617","Recreatiepark Kaps","Tubbergen","Overijssel","Ardoer","https://www.ardoer.com/nl/kaps","https://camping-kiezer.nl/camping/recreatiepark-kaps/","https://camping-kiezer.nl/claim-uw-camping/?profiel=recreatiepark-kaps"
"ck0626","Ruijtenbergbeheer b.v.","Noordwelle","Zeeland","Ardoer","https://zeeuwsekust.ardoer.com/nl/aanbod","https://camping-kiezer.nl/camping/ruijtenbergbeheer-b-v/","https://camping-kiezer.nl/claim-uw-camping/?profiel=ruijtenbergbeheer-b-v"
"ck3443","Scheldeoord","Baarland","Zeeland","Ardoer","https://www.ardoer.com/nl/scheldeoord","https://camping-kiezer.nl/camping/scheldeoord/","https://camping-kiezer.nl/claim-uw-camping/?profiel=scheldeoord"
"ck0637","Strandpark de Zeeuwse Kust","Noordwelle","Zeeland","Ardoer","https://www.ardoer.com/nl/zeeuwsekust","https://camping-kiezer.nl/camping/strandpark-de-zeeuwse-kust/","https://camping-kiezer.nl/claim-uw-camping/?profiel=strandpark-de-zeeuwse-kust"
"ck0643","Vakantiecentrum De Ullingse Bergen","Sint Anthonis","Noord-Brabant","Ardoer","https://www.ardoer.com/nl/ullingsebergen","https://camping-kiezer.nl/camping/vakantiecentrum-de-ullingse-bergen/","https://camping-kiezer.nl/claim-uw-camping/?profiel=vakantiecentrum-de-ullingse-bergen"
"ck0023","Vakantiedorp De Jutberg","Laag-Soeren","Gelderland","Ardoer","https://www.ardoer.com/nl/jutberg","https://camping-kiezer.nl/camping/vakantiedorp-de-jutberg/","https://camping-kiezer.nl/claim-uw-camping/?profiel=vakantiedorp-de-jutberg"
"ck0647","Vakantiepark 't Akkertien","Vollenhove","Overijssel","Ardoer","https://www.ardoer.com/nl/akkertien","https://camping-kiezer.nl/camping/vakantiepark-t-akkertien/","https://camping-kiezer.nl/claim-uw-camping/?profiel=vakantiepark-t-akkertien"
"ck0004","Vakantiepark Diana Heide B.V.","Amen","Drenthe","Ardoer","https://www.ardoer.com/nl/dianaheide","https://camping-kiezer.nl/camping/vakantiepark-diana-heide-b-v/","https://camping-kiezer.nl/claim-uw-camping/?profiel=vakantiepark-diana-heide-b-v"
"ck0042","RCN De Flaasbloem","Chaam","Noord-Brabant","RCN","https://www.rcn.nl/nl/vakantieparken/nederland/brabant/rcn-de-flaasbloem","https://camping-kiezer.nl/camping/rcn-de-flaasbloem/","https://camping-kiezer.nl/claim-uw-camping/?profiel=rcn-de-flaasbloem"
"ck0572","RCN De Jagerstee","Epe","Gelderland","RCN","https://www.rcn.nl/nl/vakantieparken/nederland/veluwe/rcn-de-jagerstee","https://camping-kiezer.nl/camping/rcn-de-jagerstee/","https://camping-kiezer.nl/claim-uw-camping/?profiel=rcn-de-jagerstee"
"ck0573","RCN De Potten","Offingawier","Friesland","RCN","https://www.rcn.nl/nl/vakantieparken/nederland/friesland/rcn-de-potten","https://camping-kiezer.nl/camping/rcn-de-potten/","https://camping-kiezer.nl/claim-uw-camping/?profiel=rcn-de-potten"
"ck0574","RCN De Roggeberg","Appelscha","Friesland","RCN","https://www.rcn.nl/nl/vakantieparken/nederland/friesland/rcn-de-roggeberg","https://camping-kiezer.nl/camping/rcn-de-roggeberg/","https://camping-kiezer.nl/claim-uw-camping/?profiel=rcn-de-roggeberg"
"ck0575","RCN De Schotsman","Kamperland","Zeeland","RCN","https://www.rcn.nl/nl/vakantieparken/nederland/zeeland/rcn-de-schotsman","https://camping-kiezer.nl/camping/rcn-de-schotsman/","https://camping-kiezer.nl/claim-uw-camping/?profiel=rcn-de-schotsman"
"ck0576","RCN Toppershoedje","Ouddorp","Zuid-Holland","RCN","https://www.rcn.nl/nl/vakantieparken/nederland/zuid-holland/rcn-toppershoedje","https://camping-kiezer.nl/camping/rcn-toppershoedje/","https://camping-kiezer.nl/claim-uw-camping/?profiel=rcn-toppershoedje"
"ck0577","RCN Vakantiepark de Noordster","Dwingeloo","Drenthe","RCN","https://www.rcn.nl/nl/vakantieparken/nederland/drenthe/rcn-de-noordster","https://camping-kiezer.nl/camping/rcn-vakantiepark-de-noordster/","https://camping-kiezer.nl/claim-uw-camping/?profiel=rcn-vakantiepark-de-noordster"
"ck0578","RCN vakantiepark Het Grote Bos","Doorn","Utrecht","RCN","https://www.rcn.nl/nl/vakantieparken/nederland/utrecht/rcn-het-grote-bos","https://camping-kiezer.nl/camping/rcn-vakantiepark-het-grote-bos/","https://camping-kiezer.nl/claim-uw-camping/?profiel=rcn-vakantiepark-het-grote-bos"
"ck0691","RCN Zeewolde","Zeewolde","Flevoland","RCN","https://www.rcn.nl/nl/vakantieparken/nederland/flevoland/rcn-zeewolde","https://camping-kiezer.nl/camping/rcn-zeewolde/","https://camping-kiezer.nl/claim-uw-camping/?profiel=rcn-zeewolde"
"ck0010","Camping 't Wieskamp","Winterswijk/Henxel","Gelderland","Capfun","https://www.capfun.nl/camping-frankrijk-gelderland-wieskamp-NL.html","https://camping-kiezer.nl/camping/camping-t-wieskamp/","https://camping-kiezer.nl/claim-uw-camping/?profiel=camping-t-wieskamp"
"ck0306","Camping De Rotonde","Enspijk","Gelderland","Capfun","https://www.capfun.nl/camping-frankrijk-gelderland-de_rotonde-NL.html","https://camping-kiezer.nl/camping/camping-de-rotonde/","https://camping-kiezer.nl/claim-uw-camping/?profiel=camping-de-rotonde"
"ck0443","Capfun Camping Rakelbos","Westelbeers","Noord-Brabant","Capfun","https://www.capfun.nl/camping-frankrijk-brabant-rakelbos-NL.html","https://camping-kiezer.nl/camping/capfun-camping-rakelbos/","https://camping-kiezer.nl/claim-uw-camping/?profiel=capfun-camping-rakelbos"
"ck0444","Capfun de Belten","Rheeze","Overijssel","Capfun","https://www.capfun.nl/camping-frankrijk-overijssel-de_belten-NL.html","https://camping-kiezer.nl/camping/capfun-de-belten/","https://camping-kiezer.nl/claim-uw-camping/?profiel=capfun-de-belten"
"ck0445","Capfun Groene Eiland","Appeltern","Gelderland","Capfun","https://www.capfun.nl/camping-frankrijk-gelderland-groene_eiland-NL.html","https://camping-kiezer.nl/camping/capfun-groene-eiland/","https://camping-kiezer.nl/claim-uw-camping/?profiel=capfun-groene-eiland"
"ck0016","Capfun IJsselstrand","Doesburg","Gelderland","Capfun","https://www.capfun.nl/camping-frankrijk-gelderland-ijsselstrand-NL.html","https://camping-kiezer.nl/camping/capfun-ijsselstrand/","https://camping-kiezer.nl/claim-uw-camping/?profiel=capfun-ijsselstrand"
"ck0378","Capfun Wondermolen","Molenschot","Noord-Brabant","Capfun","https://www.capfun.nl/camping-frankrijk-brabant-wondermolen-NL.html","https://camping-kiezer.nl/camping/camping-linberg-park/","https://camping-kiezer.nl/claim-uw-camping/?profiel=camping-linberg-park"
"ck2589","Het Eibernest","Eibergen","Gelderland","Capfun","https://www.capfun.nl/camping-nederland-gelderland-eibernest-NL.html","https://camping-kiezer.nl/camping/het-eibernest/","https://camping-kiezer.nl/claim-uw-camping/?profiel=het-eibernest"
"ck3387","Recreatiecentrum De Wâldsang","Bakkeveen","Friesland","Capfun","https://www.capfun.nl/camping-nederland-friesland-waldsang-NL.html","https://camping-kiezer.nl/camping/recreatiecentrum-de-waldsang/","https://camping-kiezer.nl/claim-uw-camping/?profiel=recreatiecentrum-de-waldsang"
"ck0651","Vakantiepark Capfun de Eikenhof","Paasloo","Overijssel","Capfun","https://www.capfun.nl/camping-frankrijk-overijssel-de_eikenhof-NL.html","https://camping-kiezer.nl/camping/vakantiepark-capfun-de-eikenhof/","https://camping-kiezer.nl/claim-uw-camping/?profiel=vakantiepark-capfun-de-eikenhof"
"ck0652","Vakantiepark Capfun de Scheepsbel","Nunspeet","Gelderland","Capfun","https://www.capfun.nl/camping-frankrijk-gelderland-de_scheepsbel-NL.html","https://camping-kiezer.nl/camping/vakantiepark-capfun-de-scheepsbel/","https://camping-kiezer.nl/claim-uw-camping/?profiel=vakantiepark-capfun-de-scheepsbel"
"ck0693","Vakantiepark Capfun Stoetenslagh","Rheezerveen","Overijssel","Capfun","https://www.capfun.nl/camping-nederland-overijssel-stoetenslagh-NL.html","https://camping-kiezer.nl/camping/vakantiepark-capfun-stoetenslagh/","https://camping-kiezer.nl/claim-uw-camping/?profiel=vakantiepark-capfun-stoetenslagh"
"ck0653","Vakantiepark Capfun Vlinderloo","Enschede","Overijssel","Capfun","https://www.capfun.nl/camping-frankrijk-overijssel-vlinderloo-NL.html","https://camping-kiezer.nl/camping/vakantiepark-capfun-vlinderloo/","https://camping-kiezer.nl/claim-uw-camping/?profiel=vakantiepark-capfun-vlinderloo"
"ck0936","Achterhoeks Goed","Vragender","Gelderland","SVR","https://svr.nl/object/dd2bad99-9240-4f32-9af6-56ad1e0cbc5e","https://camping-kiezer.nl/camping/achterhoeks-goed/","https://camping-kiezer.nl/claim-uw-camping/?profiel=achterhoeks-goed"
"ck1090","Bij ons achter","Heeswijk-Dinther","","SVR","https://svr.nl/object/a9f1f2dd-fbd1-4066-a6df-7e436ee13288","https://camping-kiezer.nl/camping/bij-ons-achter/","https://camping-kiezer.nl/claim-uw-camping/?profiel=bij-ons-achter"
"ck4162","Boerderij De Zuiderkrib","Kraggenburg","Flevoland","SVR","https://svr.nl/object/06b78c14-043b-40e6-baaa-2263e1e10718","https://camping-kiezer.nl/camping/boerderij-de-zuiderkrib/","https://camping-kiezer.nl/claim-uw-camping/?profiel=boerderij-de-zuiderkrib"
"ck4145","Boerennatuurcamping By Age","Tersoal","Friesland","SVR","https://svr.nl/object/bf816bb6-eb41-46d0-8025-18b5fc2df759","https://camping-kiezer.nl/camping/boerennatuurcamping-by-age/","https://camping-kiezer.nl/claim-uw-camping/?profiel=boerennatuurcamping-by-age"
"ck0200","Bospark Aagjeshoeve","Schoonoord","Drenthe","SVR","https://svr.nl/object/77c9a2a0-0a50-47ff-a7c1-5a27c5f96030","https://camping-kiezer.nl/camping/bospark-aagjeshoeve/","https://camping-kiezer.nl/claim-uw-camping/?profiel=bospark-aagjeshoeve"
"ck4141","Breehout camping","Someren","Noord-Brabant","SVR","https://svr.nl/object/7c6ec3f0-8cd5-4c43-9999-696c2fe12614","https://camping-kiezer.nl/camping/breehout-camping/","https://camping-kiezer.nl/claim-uw-camping/?profiel=breehout-camping"
"ck1187","Buitengoed Het Achterdiep","Ter Apel","Groningen","SVR","https://svr.nl/object/187625e1-c584-480d-bd2f-1bbd6a646065","https://camping-kiezer.nl/camping/buitengoed-het-achterdiep/","https://camping-kiezer.nl/claim-uw-camping/?profiel=buitengoed-het-achterdiep"
"ck4166","Camper-/Kampeerplek Deldenerbroek","Deldenerbroek","Overijssel","SVR","https://svr.nl/object/1603bdcb-f74d-4935-ab0b-f386139de050","https://camping-kiezer.nl/camping/camper-kampeerplek-deldenerbroek/","https://camping-kiezer.nl/claim-uw-camping/?profiel=camper-kampeerplek-deldenerbroek"
"ck4168","Camperplaats Ploen","Luttenberg","Overijssel","SVR","https://svr.nl/object/148352c7-2755-4092-a4cb-11e5c8c21455","https://camping-kiezer.nl/camping/camperplaats-ploen/","https://camping-kiezer.nl/claim-uw-camping/?profiel=camperplaats-ploen"
"ck4152","Camperweide Dalvoorde","Balkbrug","Overijssel","SVR","https://svr.nl/object/8c5ef17e-780e-4153-8a68-3b1bc6b1f6d9","https://camping-kiezer.nl/camping/camperweide-dalvoorde/","https://camping-kiezer.nl/claim-uw-camping/?profiel=camperweide-dalvoorde"
"ck4165","Camping Black Angus Farm","Dussen","Noord-Brabant","SVR","https://svr.nl/object/cb71b1c1-67b2-413a-abb1-050b07dc530a","https://camping-kiezer.nl/camping/camping-black-angus-farm/","https://camping-kiezer.nl/claim-uw-camping/?profiel=camping-black-angus-farm"
"ck4156","Camping BoerderHeij De Pelgrim","Bellingwolde","Groningen","SVR","https://svr.nl/object/8f0d323f-c518-4d03-a6a8-443c3e020fc3","https://camping-kiezer.nl/camping/camping-boerderheij-de-pelgrim/","https://camping-kiezer.nl/claim-uw-camping/?profiel=camping-boerderheij-de-pelgrim"
"ck4157","Camping BuitenRijk","Valthermond","Drenthe","SVR","https://svr.nl/object/f0d240ac-c483-42f3-b4d0-740156671b9c","https://camping-kiezer.nl/camping/camping-buitenrijk/","https://camping-kiezer.nl/claim-uw-camping/?profiel=camping-buitenrijk"
"ck1514","Camping De Boekel","Akersloot","Noord-Holland","SVR","https://svr.nl/object/c001abbd-7917-48b7-abf8-69096f8d5347","https://camping-kiezer.nl/camping/camping-de-boekel/","https://camping-kiezer.nl/claim-uw-camping/?profiel=camping-de-boekel"
"ck3796","Camping De Goede Buur","Heusden","Noord-Brabant","SVR","https://svr.nl/object/8a7698e2-892a-4803-9c6a-7c0eb701af47","https://camping-kiezer.nl/camping/camping-de-goede-buur/","https://camping-kiezer.nl/claim-uw-camping/?profiel=camping-de-goede-buur"
"ck4142","Camping de Houtwiel","Broeksterwâld","Friesland","SVR","https://svr.nl/object/e9f880ed-5f64-46d8-81bb-b92d78332a14","https://camping-kiezer.nl/camping/camping-de-houtwiel/","https://camping-kiezer.nl/claim-uw-camping/?profiel=camping-de-houtwiel"
"ck4147","Camping de Rozenbottel","Hensbroek","Noord-Holland","SVR","https://svr.nl/object/37295a15-8f70-483b-9bba-6993e10eb1bb","https://camping-kiezer.nl/camping/camping-de-rozenbottel/","https://camping-kiezer.nl/claim-uw-camping/?profiel=camping-de-rozenbottel"
"ck0099","Camping de Torenvalk","Grashoek","Limburg","SVR","https://svr.nl/object/4106cadd-14f4-43e5-9512-0852b789fe3f","https://camping-kiezer.nl/camping/camping-de-torenvalk/","https://camping-kiezer.nl/claim-uw-camping/?profiel=camping-de-torenvalk"
"ck1644","Camping de Wateringe","Abbekerk","","SVR","https://svr.nl/object/df2200b0-5536-4eaf-b0ae-e71d47501a5e","https://camping-kiezer.nl/camping/camping-de-wateringe/","https://camping-kiezer.nl/claim-uw-camping/?profiel=camping-de-wateringe"
"ck4155","Camping De Weidewei","","Drenthe","SVR","https://svr.nl/object/e6ee9031-7c2b-4d5d-9fbc-0b5b6ad0f5e9","https://camping-kiezer.nl/camping/camping-de-weidewei/","https://camping-kiezer.nl/claim-uw-camping/?profiel=camping-de-weidewei"
"ck0149","Camping de Westhoek","Aagtekerke","Zeeland","SVR","https://svr.nl/object/896fc4e3-281d-4398-a0af-32d084461cfc","https://camping-kiezer.nl/camping/camping-de-westhoek/","https://camping-kiezer.nl/claim-uw-camping/?profiel=camping-de-westhoek"
"ck0965","Camping Dennenburg","Lage Mierde","Noord-Brabant","SVR","https://svr.nl/object/2a38afe7-1de4-41e7-9b19-8087a6d8ac2b","https://camping-kiezer.nl/camping/camping-dennenburg/","https://camping-kiezer.nl/claim-uw-camping/?profiel=camping-dennenburg"
"ck1680","Camping Erve de Weijenberg","","Gelderland","SVR","https://svr.nl/object/0f0735af-3b58-4751-a53d-a75486b311b5","https://camping-kiezer.nl/camping/camping-erve-de-weijenberg/","https://camping-kiezer.nl/claim-uw-camping/?profiel=camping-erve-de-weijenberg"
"ck1684","Camping Exloo","Exloo","Drenthe","SVR","https://svr.nl/object/28a3d417-d2a9-4514-888f-084e165fd40b","https://camping-kiezer.nl/camping/camping-exloo/","https://camping-kiezer.nl/claim-uw-camping/?profiel=camping-exloo"
"ck4158","Camping Het Zuiderscheveld","Hollandscheveld","Drenthe","SVR","https://svr.nl/object/19e191c5-3057-40e8-928c-0c72bd33733b","https://camping-kiezer.nl/camping/camping-het-zuiderscheveld/","https://camping-kiezer.nl/claim-uw-camping/?profiel=camping-het-zuiderscheveld"
"ck1732","Camping Hunze Bulten","Annen","Drenthe","SVR","https://svr.nl/object/ca293bdf-902d-4243-b7ab-f934c58ca4a5","https://camping-kiezer.nl/camping/camping-hunze-bulten/","https://camping-kiezer.nl/claim-uw-camping/?profiel=camping-hunze-bulten"
"ck4150","Camping In het Fruit","Zuidoostbeemster","Noord-Holland","SVR","https://svr.nl/object/19b2e24f-8187-41b1-8a37-fd31d68f01f5","https://camping-kiezer.nl/camping/camping-in-het-fruit/","https://camping-kiezer.nl/claim-uw-camping/?profiel=camping-in-het-fruit"
"ck4146","Camping Polderhof","Rutten","Flevoland","SVR","https://svr.nl/object/aad73a95-f12e-467a-acbc-d409b73a7e7d","https://camping-kiezer.nl/camping/camping-polderhof/","https://camping-kiezer.nl/claim-uw-camping/?profiel=camping-polderhof"
"ck1826","Camping Roderveld","Rossum","Overijssel","SVR","https://svr.nl/object/73f9554b-ab33-4305-bf04-7359d6b0ea96","https://camping-kiezer.nl/camping/camping-roderveld/","https://camping-kiezer.nl/claim-uw-camping/?profiel=camping-roderveld"
"ck4167","Camping Simmerwille Kollumerzwaag","Kollumerzwaag","Friesland","SVR","https://svr.nl/object/2b15dded-628d-480d-a037-d49277621a3a","https://camping-kiezer.nl/camping/camping-simmerwille-kollumerzwaag/","https://camping-kiezer.nl/claim-uw-camping/?profiel=camping-simmerwille-kollumerzwaag"
"ck3928","Camping tussen de Ackers","Ledeacker","Noord-Brabant","SVR","https://svr.nl/object/054c6469-64a2-40b8-b01c-aaeadcb2c7ee","https://camping-kiezer.nl/camping/camping-tussen-de-ackers/","https://camping-kiezer.nl/claim-uw-camping/?profiel=camping-tussen-de-ackers"
"ck1899","Camping Vrijland","Lochem","Gelderland","SVR","https://svr.nl/object/b7982439-e48a-40b7-bb2e-23d0817f4444","https://camping-kiezer.nl/camping/camping-vrijland/","https://camping-kiezer.nl/claim-uw-camping/?profiel=camping-vrijland"
"ck1988","De Boerenzwaluw","Zijdewind","Noord-Holland","SVR","https://svr.nl/object/53c8b4e3-cb2f-4a1c-8659-3470d2e509a0","https://camping-kiezer.nl/camping/de-boerenzwaluw/","https://camping-kiezer.nl/claim-uw-camping/?profiel=de-boerenzwaluw"
"ck4164","De Bouckhorst","Sint Jacobiparochie","Friesland","SVR","https://svr.nl/object/ef24b4ad-f759-42be-87ad-c47e0430187a","https://camping-kiezer.nl/camping/de-bouckhorst/","https://camping-kiezer.nl/claim-uw-camping/?profiel=de-bouckhorst"
"ck0915","De Hartjens mini-camping","Azewijn","Gelderland","SVR","https://svr.nl/object/95175aec-6cac-4b16-b183-2781ec59a968","https://camping-kiezer.nl/camping/de-hartjens-mini-camping/","https://camping-kiezer.nl/claim-uw-camping/?profiel=de-hartjens-mini-camping"
"ck0133","De Heidebloem Recreatie","Haarle","Overijssel","SVR","https://svr.nl/object/6c43fe07-9c21-4335-a6d6-955481085fdd","https://camping-kiezer.nl/camping/de-heidebloem-recreatie/","https://camping-kiezer.nl/claim-uw-camping/?profiel=de-heidebloem-recreatie"
"ck4144","De Kwekerij","Westeremden","Groningen","SVR","https://svr.nl/object/8b30e8d0-82c7-4f88-ba84-5ea6539c3850","https://camping-kiezer.nl/camping/de-kwekerij/","https://camping-kiezer.nl/claim-uw-camping/?profiel=de-kwekerij"
"ck2217","De Meppelerweg","Steenwijk","Overijssel","SVR","https://svr.nl/object/06a973ac-937e-49ab-b24f-1bcdf03307fa","https://camping-kiezer.nl/camping/de-meppelerweg/","https://camping-kiezer.nl/claim-uw-camping/?profiel=de-meppelerweg"
"ck4143","De Ruige Venne","Rasquert","Groningen","SVR","https://svr.nl/object/ec4ad6de-eae4-44c3-aa50-dd1897cf0648","https://camping-kiezer.nl/camping/de-ruige-venne/","https://camping-kiezer.nl/claim-uw-camping/?profiel=de-ruige-venne"
"ck0136","De schaapskooi","Hellendoorn","Overijssel","SVR","https://svr.nl/object/63736de9-b393-44e1-858c-48f36adca4b2","https://camping-kiezer.nl/camping/de-schaapskooi/","https://camping-kiezer.nl/claim-uw-camping/?profiel=de-schaapskooi"
"ck4159","Dekema Equestrian Camping","Gorredijk","Friesland","SVR","https://svr.nl/object/ce3283c8-9416-42ec-9404-d2d6725a8c50","https://camping-kiezer.nl/camping/dekema-equestrian-camping/","https://camping-kiezer.nl/claim-uw-camping/?profiel=dekema-equestrian-camping"
"ck4163","Faith Family Farm","Emmen","Drenthe","SVR","https://svr.nl/object/cf77efd1-b620-4261-acdf-dbfdf4ef586c","https://camping-kiezer.nl/camping/faith-family-farm/","https://camping-kiezer.nl/claim-uw-camping/?profiel=faith-family-farm"
"ck2526","Francke","","Zeeland","SVR","https://svr.nl/object/31638ed3-682e-4f8c-a7ab-bb8f3e4d83ba","https://camping-kiezer.nl/camping/francke/","https://camping-kiezer.nl/claim-uw-camping/?profiel=francke"
"ck2576","Heierhof","Riethoven","Noord-Brabant","SVR","https://svr.nl/object/69607fa5-4897-496b-9049-d2c6acb284cf","https://camping-kiezer.nl/camping/heierhof/","https://camping-kiezer.nl/claim-uw-camping/?profiel=heierhof"
"ck2660","Hoeve Twente","Heythuysen","Limburg","SVR","https://svr.nl/object/515dedda-7605-4b81-b5d0-d5c4e0329885","https://camping-kiezer.nl/camping/hoeve-twente/","https://camping-kiezer.nl/claim-uw-camping/?profiel=hoeve-twente"
"ck0008","Kaepwei 5","Gaastmeer","Friesland","SVR","https://svr.nl/object/7cef22e8-43f6-4894-aec6-b43175f17833","https://camping-kiezer.nl/camping/kaepwei-5/","https://camping-kiezer.nl/claim-uw-camping/?profiel=kaepwei-5"
"ck2741","Kampeerhoeve Bussloo","Wilp","Gelderland","SVR","https://svr.nl/object/58007317-2101-46dc-9789-8383703434bf","https://camping-kiezer.nl/camping/kampeerhoeve-bussloo/","https://camping-kiezer.nl/claim-uw-camping/?profiel=kampeerhoeve-bussloo"
"ck4149","Kampeerplaats Aan de Diek","Meers","Limburg","SVR","https://svr.nl/object/0d85f3c1-0f8e-4033-a873-e827439a197b","https://camping-kiezer.nl/camping/kampeerplaats-aan-de-diek/","https://camping-kiezer.nl/claim-uw-camping/?profiel=kampeerplaats-aan-de-diek"
"ck2763","Klarenbeek","Ermelo","Gelderland","SVR","https://svr.nl/object/d0e92cb8-6a6e-432e-bb15-71c3050528a1","https://camping-kiezer.nl/camping/klarenbeek/","https://camping-kiezer.nl/claim-uw-camping/?profiel=klarenbeek"
"ck4148","Landrijk De Reesprong","Buurse","Overijssel","SVR","https://svr.nl/object/d41ada38-a18b-4d31-b937-59eb91a1ec39","https://camping-kiezer.nl/camping/landrijk-de-reesprong/","https://camping-kiezer.nl/claim-uw-camping/?profiel=landrijk-de-reesprong"
"ck4154","Linde Resort","Linde","","SVR","https://svr.nl/object/fc65176b-9479-473a-af4f-68e8a8575b8d","https://camping-kiezer.nl/camping/linde-resort/","https://camping-kiezer.nl/claim-uw-camping/?profiel=linde-resort"
"ck0140","Mini camping De Lanter Fanter","Bruchterveld","Overijssel","SVR","https://svr.nl/object/aae07c93-115e-4ac6-bad2-a76fe9471f19","https://camping-kiezer.nl/camping/mini-camping-de-lanter-fanter/","https://camping-kiezer.nl/claim-uw-camping/?profiel=mini-camping-de-lanter-fanter"
"ck3059","Minicamping - Munnikenhof","Terheijden","Noord-Brabant","SVR","https://svr.nl/object/dd218301-d05c-48b6-b943-8532084fc30d","https://camping-kiezer.nl/camping/minicamping-munnikenhof/","https://camping-kiezer.nl/claim-uw-camping/?profiel=minicamping-munnikenhof"
"ck3994","Minicamping 'Onder de Es","Oldelamer","","SVR","https://svr.nl/object/df01fa4e-815d-44c5-8779-10806f6ae8c5","https://camping-kiezer.nl/camping/minicamping-onder-de-es/","https://camping-kiezer.nl/claim-uw-camping/?profiel=minicamping-onder-de-es"
"ck2998","minicamping Dieker´s Hof","Loo Gld","Gelderland","SVR","https://svr.nl/object/2014cab1-804d-4cc7-a63b-eae6c0b247ff","https://camping-kiezer.nl/camping/minicamping-dieker-s-hof/","https://camping-kiezer.nl/claim-uw-camping/?profiel=minicamping-dieker-s-hof"
"ck3027","Minicamping Het Zoersche Land","Exloërveen","Drenthe","SVR","https://svr.nl/object/a6c5eff6-3a29-4d02-919a-44b4f6c2ab76","https://camping-kiezer.nl/camping/minicamping-het-zoersche-land/","https://camping-kiezer.nl/claim-uw-camping/?profiel=minicamping-het-zoersche-land"
"ck3257","Niezinghoeve","Ruinen","Drenthe","SVR","https://svr.nl/object/553411fa-6038-4118-b98c-d35eca6ad93a","https://camping-kiezer.nl/camping/niezinghoeve/","https://camping-kiezer.nl/claim-uw-camping/?profiel=niezinghoeve"
"ck4153","Schaapskudde en belevenishof","Kotten","Gelderland","SVR","https://svr.nl/object/c7594366-be9d-41c8-b89f-0f012d94748d","https://camping-kiezer.nl/camping/schaapskudde-en-belevenishof/","https://camping-kiezer.nl/claim-uw-camping/?profiel=schaapskudde-en-belevenishof"
"ck4161","SVR-Camper-camping Het Knooppunt","Nuis","Groningen","SVR","https://svr.nl/object/1df616d5-e56d-4960-b6dd-d91e1e00dae2","https://camping-kiezer.nl/camping/svr-camper-camping-het-knooppunt/","https://camping-kiezer.nl/claim-uw-camping/?profiel=svr-camper-camping-het-knooppunt"
"ck4160","SVR-camping Vechtdal Hooglanders","Beerze","Overijssel","SVR","https://svr.nl/object/36cdaf07-3695-4fc3-abb3-2c124ca665b4","https://camping-kiezer.nl/camping/svr-camping-vechtdal-hooglanders/","https://camping-kiezer.nl/claim-uw-camping/?profiel=svr-camping-vechtdal-hooglanders"
"ck3589","Tulpenweide","Breezand","Noord-Holland","SVR","https://svr.nl/object/c17ecddc-3301-40e3-a958-eb51a3b2e30c","https://camping-kiezer.nl/camping/tulpenweide/","https://camping-kiezer.nl/claim-uw-camping/?profiel=tulpenweide"
"ck4151","Vakantieboerderij Springfield","Schiermonnikoog","Friesland","SVR","https://svr.nl/object/bd8cb9a1-1e8a-40f5-a716-423a15338dbf","https://camping-kiezer.nl/camping/vakantieboerderij-springfield/","https://camping-kiezer.nl/claim-uw-camping/?profiel=vakantieboerderij-springfield"
"ck0084","Zen Ranch","Elim","Drenthe","SVR","https://svr.nl/object/0ad6ae6d-82ac-4ffe-8cc1-b690ef97d7b5","https://camping-kiezer.nl/camping/zen-ranch/","https://camping-kiezer.nl/claim-uw-camping/?profiel=zen-ranch"
"ck0902","'t Caves","Eersel","Noord-Brabant","Vekabo / In het Groen","https://www.inhetgroen.nl/nl/bedrijf/69/t-caves","https://camping-kiezer.nl/camping/t-caves/","https://camping-kiezer.nl/claim-uw-camping/?profiel=t-caves"
"ck3548","'t Hof Welkom","Cadzand","Zeeland","Vekabo / In het Groen","https://www.inhetgroen.nl/nl/bedrijf/732/t-hof-welkom","https://camping-kiezer.nl/camping/t-hof-welkom/","https://camping-kiezer.nl/claim-uw-camping/?profiel=t-hof-welkom"
"ck4123","'t Kalverweitje","Aagtekerke","Zeeland","Vekabo / In het Groen","https://www.inhetgroen.nl/nl/bedrijf/210/t-kalverweitje","https://camping-kiezer.nl/camping/t-kalverweitje/","https://camping-kiezer.nl/claim-uw-camping/?profiel=t-kalverweitje"
"ck0120","'t Linderhof","Mariënheem","Overijssel","Vekabo / In het Groen","https://www.inhetgroen.nl/nl/bedrijf/382/t-linderhof","https://camping-kiezer.nl/camping/t-linderhof/","https://camping-kiezer.nl/claim-uw-camping/?profiel=t-linderhof"
"ck0121","'t Loozerveld","Loozen","Overijssel","Vekabo / In het Groen","https://www.inhetgroen.nl/nl/bedrijf/163/t-loozerveld","https://camping-kiezer.nl/camping/t-loozerveld/","https://camping-kiezer.nl/claim-uw-camping/?profiel=t-loozerveld"
"ck0903","'t Oventje","Zeeland","Noord-Brabant","Vekabo / In het Groen","https://www.inhetgroen.nl/nl/bedrijf/71/t-oventje","https://camping-kiezer.nl/camping/t-oventje/","https://camping-kiezer.nl/claim-uw-camping/?profiel=t-oventje"
"ck3580","'t Tabakspad","Bergeijk","Noord-Brabant","Vekabo / In het Groen","https://www.inhetgroen.nl/nl/bedrijf/25/t-tabakspad","https://camping-kiezer.nl/camping/t-tabakspad/","https://camping-kiezer.nl/claim-uw-camping/?profiel=t-tabakspad"
"ck3594","'t Veld","Rekken","Gelderland","Vekabo / In het Groen","https://www.inhetgroen.nl/nl/bedrijf/635/minicamping-t-veld","https://camping-kiezer.nl/camping/t-veld/","https://camping-kiezer.nl/claim-uw-camping/?profiel=t-veld"
"ck3598","'t Vosje","Hellendoorn","Overijssel","Vekabo / In het Groen","https://www.inhetgroen.nl/nl/bedrijf/166/t-vosje","https://camping-kiezer.nl/camping/t-vosje/","https://camping-kiezer.nl/claim-uw-camping/?profiel=t-vosje"
"ck1014","Aagtekerke","Aagtekerke","Zeeland","Vekabo / In het Groen","https://www.inhetgroen.nl/nl/bedrijf/609/zuivelhoeve-aagtekerke","https://camping-kiezer.nl/camping/aagtekerke/","https://camping-kiezer.nl/claim-uw-camping/?profiel=aagtekerke"
"ck0160","Aan de Waterspiegel","Aagtekerke","Zeeland","Vekabo / In het Groen","https://www.inhetgroen.nl/nl/bedrijf/205/aan-de-waterspiegel","https://camping-kiezer.nl/camping/minicamping-aan-de-waterspiegel/","https://camping-kiezer.nl/claim-uw-camping/?profiel=minicamping-aan-de-waterspiegel"
"ck0765","Agro-camping Ormsby Field","Castricum","Noord-Holland","Vekabo / In het Groen","https://www.inhetgroen.nl/nl/bedrijf/320/agro-camping-ormsby-field","https://camping-kiezer.nl/camping/agro-camping-ormsby-field/","https://camping-kiezer.nl/claim-uw-camping/?profiel=agro-camping-ormsby-field"
"ck1029","Allemanshoeve","Sibculo","Overijssel","Vekabo / In het Groen","https://www.inhetgroen.nl/nl/bedrijf/168/allemanshoeve","https://camping-kiezer.nl/camping/allemanshoeve/","https://camping-kiezer.nl/claim-uw-camping/?profiel=allemanshoeve"
